Title,Movie Link,Year,Duration,MPA,Rating,Votes
1. Inside Out 2,https://www.imdb.com/title/tt22022452/?ref_=sr_t_1,2024,1h 36m,PG,7.6,194K
2. Deadpool & Wolverine,https://www.imdb.com/title/tt6263850/?ref_=sr_t_2,2024,2h 8m,R,7.6,441K
3. Wicked,https://www.imdb.com/title/tt1262426/?ref_=sr_t_3,2024,2h 40m,PG,7.9,90K
4. Moana 2,https://www.imdb.com/title/tt13622970/?ref_=sr_t_4,2024,1h 40m,PG,7.0,56K
5. Despicable Me 4,https://www.imdb.com/title/tt7510222/?ref_=sr_t_5,2024,1h 34m,PG,6.2,55K
6. Beetlejuice Beetlejuice,https://www.imdb.com/title/tt2049403/?ref_=sr_t_6,2024,1h 45m,PG-13,6.7,127K
7. Dune: Part Two,https://www.imdb.com/title/tt15239678/?ref_=sr_t_7,2024,2h 46m,PG-13,8.5,574K
8. Twisters,https://www.imdb.com/title/tt12584954/?ref_=sr_t_8,2024,2h 2m,PG-13,6.5,145K
9. Godzilla x Kong: The New Empire,https://www.imdb.com/title/tt14539740/?ref_=sr_t_9,2024,1h 55m,PG-13,6.1,114K
10. Kung Fu Panda 4,https://www.imdb.com/title/tt21692408/?ref_=sr_t_10,2024,1h 34m,PG,6.3,63K
11. Bad Boys: Ride or Die,https://www.imdb.com/title/tt4919268/?ref_=sr_t_11,2024,1h 55m,R,6.5,89K
12. Sonic the Hedgehog 3,https://www.imdb.com/title/tt18259086/?ref_=sr_t_12,2024,1h 50m,PG,7.3,20K
13. Kingdom of the Planet of the Apes,https://www.imdb.com/title/tt11389872/?ref_=sr_t_13,2024,2h 25m,PG-13,6.9,141K
14. Gladiator II,https://www.imdb.com/title/tt9218128/?ref_=sr_t_14,2024,2h 28m,R,6.7,151K
15. Mufasa: The Lion King,https://www.imdb.com/title/tt13186482/?ref_=sr_t_15,2024,1h 58m,PG,6.7,22K
16. It Ends with Us,https://www.imdb.com/title/tt10655524/?ref_=sr_t_16,2024,2h 10m,PG-13,6.4,64K
17. The Wild Robot,https://www.imdb.com/title/tt29623480/?ref_=sr_t_17,2024,1h 42m,PG,8.2,109K
18. Venom: The Last Dance,https://www.imdb.com/title/tt16366836/?ref_=sr_t_18,2024,1h 50m,PG-13,6.0,77K
19. A Quiet Place: Day One,https://www.imdb.com/title/tt13433802/?ref_=sr_t_19,2024,1h 39m,PG-13,6.3,131K
20. Ghostbusters: Frozen Empire,https://www.imdb.com/title/tt21235248/?ref_=sr_t_20,2024,1h 55m,PG-13,6.1,88K
21. IF,https://www.imdb.com/title/tt11152168/?ref_=sr_t_21,2024,1h 44m,PG,6.4,53K
22. Alien: Romulus,https://www.imdb.com/title/tt18412256/?ref_=sr_t_22,2024,1h 59m,R,7.1,200K
23. Red One,https://www.imdb.com/title/tt14948432/?ref_=sr_t_23,2024,2h 3m,PG-13,6.4,120K
24. Bob Marley: One Love,https://www.imdb.com/title/tt8521778/?ref_=sr_t_24,2024,1h 47m,PG-13,6.2,33K
25. The Fall Guy,https://www.imdb.com/title/tt1684562/?ref_=sr_t_25,2024,2h 6m,PG-13,6.9,193K
26. The Garfield Movie,https://www.imdb.com/title/tt5779228/?ref_=sr_t_26,2024,1h 41m,PG,5.7,22K
27. Longlegs,https://www.imdb.com/title/tt23468450/?ref_=sr_t_27,2024,1h 41m,R,6.7,150K
28. Mean Girls,https://www.imdb.com/title/tt11762114/?ref_=sr_t_28,2024,1h 52m,PG-13,5.6,36K
29. Smile 2,https://www.imdb.com/title/tt29268110/?ref_=sr_t_29,2024,2h 7m,R,6.8,77K
30. Civil War,https://www.imdb.com/title/tt17279496/?ref_=sr_t_30,2024,1h 49m,R,7.0,210K
31. Furiosa: A Mad Max Saga,https://www.imdb.com/title/tt12037194/?ref_=sr_t_31,2024,2h 28m,R,7.5,252K
32. The Beekeeper,https://www.imdb.com/title/tt15314262/?ref_=sr_t_32,2024,1h 45m,R,6.3,145K
33. Nosferatu,https://www.imdb.com/title/tt5040012/?ref_=sr_t_33,2024,2h 12m,R,7.7,42K
34. Transformers One,https://www.imdb.com/title/tt8864596/?ref_=sr_t_34,2024,1h 44m,PG,7.6,41K
35. Joker: Folie à Deux,https://www.imdb.com/title/tt11315808/?ref_=sr_t_35,2024,2h 18m,R,5.2,141K
36. Terrifier 3,https://www.imdb.com/title/tt27911000/?ref_=sr_t_36,2024,2h 5m,Not Rated,6.4,41K
37. Challengers,https://www.imdb.com/title/tt16426418/?ref_=sr_t_37,2024,2h 11m,R,7.1,130K
38. Argylle,https://www.imdb.com/title/tt15009428/?ref_=sr_t_38,2024,2h 19m,PG-13,5.6,88K
39. Madame Web,https://www.imdb.com/title/tt11057302/?ref_=sr_t_39,2024,1h 56m,PG-13,4.0,96K
40. Trap,https://www.imdb.com/title/tt26753003/?ref_=sr_t_40,2024,1h 45m,PG-13,5.9,118K
41. The Best Christmas Pageant Ever,https://www.imdb.com/title/tt2347285/?ref_=sr_t_41,2024,1h 39m,PG,6.8,5.4K
42. Speak No Evil,https://www.imdb.com/title/tt27534307/?ref_=sr_t_42,2024,1h 50m,R,6.8,76K
43. A Complete Unknown,https://www.imdb.com/title/tt11563598/?ref_=sr_t_43,2024,2h 21m,R,7.8,8.4K
44. The Strangers: Chapter 1,https://www.imdb.com/title/tt22050754/?ref_=sr_t_44,2024,1h 31m,R,4.6,21K
45. Night Swim,https://www.imdb.com/title/tt9682428/?ref_=sr_t_45,2024,1h 38m,PG-13,4.7,26K
46. Conclave,https://www.imdb.com/title/tt20215234/?ref_=sr_t_46,2024,2h,PG,7.4,56K
47. Reagan,https://www.imdb.com/title/tt1723808/?ref_=sr_t_47,2024,2h 21m,PG-13,6.2,9.5K
48. The Forge,https://www.imdb.com/title/tt26731216/?ref_=sr_t_48,2024,2h 4m,PG,6.6,3.6K
49. Horizon: An American Saga - Chapter 1,https://www.imdb.com/title/tt17505010/?ref_=sr_t_49,2024,3h 1m,R,6.7,33K
50. Imaginary,https://www.imdb.com/title/tt26658104/?ref_=sr_t_50,2024,1h 44m,PG-13,4.7,16K
51. Heretic,https://www.imdb.com/title/tt28015403/?ref_=sr_t_51,2024,1h 51m,R,7.0,69K
52. Abigail,https://www.imdb.com/title/tt27489557/?ref_=sr_t_52,2024,1h 49m,R,6.6,86K
53. Monkey Man,https://www.imdb.com/title/tt9214772/?ref_=sr_t_53,2024,2h 1m,R,6.8,84K
54. Arthur the King,https://www.imdb.com/title/tt10720352/?ref_=sr_t_54,2024,1h 47m,PG-13,7.0,31K
55. We Live in Time,https://www.imdb.com/title/tt27131358/?ref_=sr_t_55,2024,1h 48m,R,7.0,26K
56. Blink Twice,https://www.imdb.com/title/tt14858658/?ref_=sr_t_56,2024,1h 42m,R,6.5,68K
57. Kraven: The Hunter,https://www.imdb.com/title/tt8790086/?ref_=sr_t_57,2024,2h 7m,R,5.4,21K
58. The Ministry of Ungentlemanly Warfare,https://www.imdb.com/title/tt5177120/?ref_=sr_t_58,2024,2h 2m,R,6.8,123K
59. Fly Me to the Moon,https://www.imdb.com/title/tt1896747/?ref_=sr_t_59,2024,2h 12m,PG-13,6.6,40K
60. Unsung Hero,https://www.imdb.com/title/tt23638614/?ref_=sr_t_60,2024,1h 53m,PG,7.0,4.5K
61. The First Omen,https://www.imdb.com/title/tt5672290/?ref_=sr_t_61,2024,1h 59m,R,6.5,60K
62. Cabrini,https://www.imdb.com/title/tt14351082/?ref_=sr_t_62,2024,2h 22m,PG-13,7.3,7.9K
63. Ordinary Angels,https://www.imdb.com/title/tt4996328/?ref_=sr_t_63,2024,1h 58m,PG,7.4,14K
64. The Watchers,https://www.imdb.com/title/tt26736843/?ref_=sr_t_64,2024,1h 42m,PG-13,5.7,49K
65. Tarot,https://www.imdb.com/title/tt14088510/?ref_=sr_t_65,2024,1h 32m,PG-13,4.8,29K
66. Kalki 2898 AD,https://www.imdb.com/title/tt12735488/?ref_=sr_t_66,2024,3h,Not Rated,7.0,63K
67. Demon Slayer: Kimetsu No Yaiba - To the Hashira Training,https://www.imdb.com/title/tt30395619/?ref_=sr_t_67,2024,1h 44m,R,7.1,7.9K
68. Harold and the Purple Crayon,https://www.imdb.com/title/tt1609486/?ref_=sr_t_68,2024,1h 30m,PG,5.7,6.8K
69. The Substance,https://www.imdb.com/title/tt17526714/?ref_=sr_t_69,2024,2h 21m,R,7.4,189K
70. Homestead,https://www.imdb.com/title/tt29137778/?ref_=sr_t_70,2024,1h 52m,PG-13,5.6,1.5K
71. Immaculate,https://www.imdb.com/title/tt23137390/?ref_=sr_t_71,2024,1h 29m,R,5.8,49K
72. Borderlands,https://www.imdb.com/title/tt4978420/?ref_=sr_t_72,2024,1h 41m,PG-13,4.6,38K
73. MaXXXine,https://www.imdb.com/title/tt22048412/?ref_=sr_t_73,2024,1h 43m,R,6.3,59K
74. Anora,https://www.imdb.com/title/tt28607951/?ref_=sr_t_74,2024,2h 19m,R,7.9,53K
75. Babygirl,https://www.imdb.com/title/tt30057084/?ref_=sr_t_75,2024,1h 54m,R,6.6,6.8K
76. Pushpa: The Rule - Part 2,https://www.imdb.com/title/tt16539454/?ref_=sr_t_76,2024,3h 21m,,6.4,41K
77. Am I Racist?,https://www.imdb.com/title/tt33034103/?ref_=sr_t_77,2024,1h 40m,PG-13,6.7,16K
78. Here,https://www.imdb.com/title/tt18272208/?ref_=sr_t_78,2024,1h 44m,PG-13,6.2,9.5K
79. Bonhoeffer: Pastor. Spy. Assassin.,https://www.imdb.com/title/tt26237514/?ref_=sr_t_79,2024,2h 13m,PG-13,6.6,2.4K
80. Sound of Hope: The Story of Possum Trot,https://www.imdb.com/title/tt6881490/?ref_=sr_t_80,2024,2h 10m,PG-13,7.2,1.8K
81. Never Let Go,https://www.imdb.com/title/tt14415204/?ref_=sr_t_81,2024,1h 41m,R,5.4,12K
82. Lisa Frankenstein,https://www.imdb.com/title/tt21188080/?ref_=sr_t_82,2024,1h 41m,PG-13,6.1,26K
83. Piece by Piece,https://www.imdb.com/title/tt31064841/?ref_=sr_t_83,2024,1h 33m,PG,6.9,3.7K
84. Saturday Night,https://www.imdb.com/title/tt27657135/?ref_=sr_t_84,2024,1h 49m,R,7.0,15K
85. The Crow,https://www.imdb.com/title/tt1340094/?ref_=sr_t_85,2024,1h 51m,R,4.7,28K
86. Thelma,https://www.imdb.com/title/tt23778968/?ref_=sr_t_86,2024,1h 38m,PG-13,7.0,17K
87. The Lord of the Rings: The War of the Rohirrim,https://www.imdb.com/title/tt14824600/?ref_=sr_t_87,2024,2h 14m,PG-13,6.5,17K
88. Love Lies Bleeding,https://www.imdb.com/title/tt19637052/?ref_=sr_t_88,2024,1h 44m,R,6.6,51K
89. A Real Pain,https://www.imdb.com/title/tt21823606/?ref_=sr_t_89,2024,1h 30m,R,7.3,11K
90. Megalopolis,https://www.imdb.com/title/tt10128846/?ref_=sr_t_90,2024,2h 18m,R,4.8,30K
91. Haikyu!! The Dumpster Battle,https://www.imdb.com/title/tt30476486/?ref_=sr_t_91,2024,1h 25m,PG-13,7.8,5.2K
92. Afraid,https://www.imdb.com/title/tt24577462/?ref_=sr_t_92,2024,1h 24m,PG-13,5.2,11K
93. The Fire Inside,https://www.imdb.com/title/tt6133444/?ref_=sr_t_93,2024,1h 49m,PG-13,7.1,1K
94. Cuckoo,https://www.imdb.com/title/tt12349832/?ref_=sr_t_94,2024,1h 42m,R,5.8,20K
95. Back to Black,https://www.imdb.com/title/tt21261712/?ref_=sr_t_95,2024,2h 2m,R,6.3,24K
96. Someone Like You,https://www.imdb.com/title/tt22334258/?ref_=sr_t_96,2024,1h 58m,PG,5.8,1.5K
97. Devara Part 1,https://www.imdb.com/title/tt11821912/?ref_=sr_t_97,2024,2h 56m,,6.0,19K
98. The Killer's Game,https://www.imdb.com/title/tt0327785/?ref_=sr_t_98,2024,1h 44m,R,5.7,9.3K
99. My Old Ass,https://www.imdb.com/title/tt18559464/?ref_=sr_t_99,2024,1h 29m,R,6.9,28K
100. My Hero Academia: You're Next,https://www.imdb.com/title/tt32176689/?ref_=sr_t_100,2024,1h 50m,PG-13,7.0,1.3K
101. Kinds of Kindness,https://www.imdb.com/title/tt22408160/?ref_=sr_t_101,2024,2h 44m,R,6.5,52K
102. Drive-Away Dolls,https://www.imdb.com/title/tt19356262/?ref_=sr_t_102,2024,1h 24m,R,5.4,21K
103. I Saw the TV Glow,https://www.imdb.com/title/tt15574270/?ref_=sr_t_103,2024,1h 40m,PG-13,5.8,30K
104. Dìdi,https://www.imdb.com/title/tt30319503/?ref_=sr_t_104,2024,1h 33m,R,7.4,9.2K
105. Land of Bad,https://www.imdb.com/title/tt19864802/?ref_=sr_t_105,2024,1h 53m,R,6.6,47K
106. The Exorcism,https://www.imdb.com/title/tt11240348/?ref_=sr_t_106,2024,1h 35m,R,4.2,10K
107. In a Violent Nature,https://www.imdb.com/title/tt30321146/?ref_=sr_t_107,2024,1h 34m,Not Rated,5.6,23K
108. For King + Country: A Drummer Boy Christmas - Live,https://www.imdb.com/title/tt34422601/?ref_=sr_t_108,2024,1h 30m,,8.0,155
109. Y2K,https://www.imdb.com/title/tt27218960/?ref_=sr_t_109,2024,1h 31m,R,4.9,6.8K
110. The Apprentice,https://www.imdb.com/title/tt8368368/?ref_=sr_t_110,2024,2h 2m,R,7.1,29K
111. Babes,https://www.imdb.com/title/tt21276958/?ref_=sr_t_111,2024,1h 44m,R,6.3,5.5K
112. Solo Leveling: ReAwakening,https://www.imdb.com/title/tt33428606/?ref_=sr_t_112,2024,2h 1m,R,8.2,1.8K
113. God's Not Dead: In God We Trust,https://www.imdb.com/title/tt32356994/?ref_=sr_t_113,2024,1h 36m,Not Rated,3.2,1.1K
114. 2024 Oscar Nominated Short Films: Documentary,https://www.imdb.com/title/tt31272312/?ref_=sr_t_114,2024,2h 13m,,7.7,17
115. The Front Room,https://www.imdb.com/title/tt21905744/?ref_=sr_t_115,2024,1h 34m,R,4.6,3.6K
116. Jesus Thirsts: The Miracle of the Eucharist,https://www.imdb.com/title/tt31529048/?ref_=sr_t_116,2024,1h 30m,Not Rated,7.7,65
117. The Fabulous Four,https://www.imdb.com/title/tt20215816/?ref_=sr_t_117,2024,1h 38m,R,4.8,1.2K
118. Queer,https://www.imdb.com/title/tt24176060/?ref_=sr_t_118,2024,2h 16m,R,6.6,6.1K
119. My Penguin Friend,https://www.imdb.com/title/tt8609660/?ref_=sr_t_119,2024,1h 37m,PG,6.7,3.8K
120. Absolution,https://www.imdb.com/title/tt8337290/?ref_=sr_t_120,2024,1h 52m,R,5.2,5.1K
121. GHOST: Rite Here Rite Now,https://www.imdb.com/title/tt32260498/?ref_=sr_t_121,2024,2h 25m,,8.6,1.8K
122. Sight & Sound Presents: Daniel LIVE,https://www.imdb.com/title/tt33264824/?ref_=sr_t_122,2024,,,8.9,22
"123. Hello, Love, Again",https://www.imdb.com/title/tt32401874/?ref_=sr_t_123,2024,2h 2m,,7.2,541
124. Escape from Germany,https://www.imdb.com/title/tt28172032/?ref_=sr_t_124,2024,1h 37m,PG,5.3,710
125. Jung Kook: I Am Still,https://www.imdb.com/title/tt32903026/?ref_=sr_t_125,2024,1h 30m,,8.2,7.5K
126. Stree 2: Sarkate Ka Aatank,https://www.imdb.com/title/tt27510174/?ref_=sr_t_126,2024,2h 27m,,7.0,39K
127. The Blue Angels,https://www.imdb.com/title/tt18573650/?ref_=sr_t_127,2024,1h 33m,G,7.3,2.6K
128. The American Society of Magical Negroes,https://www.imdb.com/title/tt30007864/?ref_=sr_t_128,2024,1h 44m,PG-13,3.7,11K
129. Summer Camp,https://www.imdb.com/title/tt26928684/?ref_=sr_t_129,2024,1h 35m,PG-13,4.5,1.2K
130. Flow,https://www.imdb.com/title/tt4772188/?ref_=sr_t_130,2024,1h 25m,PG,7.9,11K
131. Hitpig,https://www.imdb.com/title/tt13176330/?ref_=sr_t_131,2024,1h 26m,PG,5.0,620
132. Elevation,https://www.imdb.com/title/tt23558280/?ref_=sr_t_132,2024,1h 31m,R,5.6,8.7K
133. Exhuma,https://www.imdb.com/title/tt27802490/?ref_=sr_t_133,2024,2h 14m,,6.9,20K
134. Bhool Bhulaiyaa 3,https://www.imdb.com/title/tt26932223/?ref_=sr_t_134,2024,2h 38m,,4.8,75K
135. Singham Again,https://www.imdb.com/title/tt11976134/?ref_=sr_t_135,2024,2h 24m,,5.1,73K
136. Average Joe,https://www.imdb.com/title/tt30840929/?ref_=sr_t_136,2024,1h 40m,PG-13,3.5,429
137. The Ark and the Darkness,https://www.imdb.com/title/tt15845160/?ref_=sr_t_137,2024,2h 5m,,5.1,459
138. Between the Temples,https://www.imdb.com/title/tt27722375/?ref_=sr_t_138,2024,1h 51m,R,6.3,2.3K
139. Look Back,https://www.imdb.com/title/tt31711040/?ref_=sr_t_139,2024,58m,13+,7.9,10K
140. Yolo,https://www.imdb.com/title/tt28151876/?ref_=sr_t_140,2024,2h 9m,PG-13,6.9,3.3K
141. Queen Rock Montreal,https://www.imdb.com/title/tt30973483/?ref_=sr_t_141,2024,1h 35m,,8.5,737
142. The Order,https://www.imdb.com/title/tt26625693/?ref_=sr_t_142,2024,1h 56m,R,6.8,11K
143. SUGA: Agust D Tour 'D-DAY' the Movie,https://www.imdb.com/title/tt31579728/?ref_=sr_t_143,2024,1h 24m,Not Rated,8.1,1.1K
144. Werewolves,https://www.imdb.com/title/tt15041836/?ref_=sr_t_144,2024,1h 33m,R,4.5,3.4K
145. Tillu Square,https://www.imdb.com/title/tt22987820/?ref_=sr_t_145,2024,2h 17m,,6.6,3.2K
146. Blue Lock: Episode Nagi,https://www.imdb.com/title/tt28671146/?ref_=sr_t_146,2024,1h 31m,PG-13,6.6,2.1K
147. The Firing Squad,https://www.imdb.com/title/tt30110854/?ref_=sr_t_147,2024,1h 33m,PG-13,5.4,4.3K
148. Sam and Colby: The Legends of the Paranormal,https://www.imdb.com/title/tt33454687/?ref_=sr_t_148,2024,1h 38m,Not Rated,4.5,284
149. Overlord: The Sacred Kingdom,https://www.imdb.com/title/tt14603848/?ref_=sr_t_149,2024,2h 15m,R,7.1,578
150. Small Things Like These,https://www.imdb.com/title/tt27196021/?ref_=sr_t_150,2024,1h 38m,PG-13,6.9,13K
151. Jatt & Juliet 3,https://www.imdb.com/title/tt29063558/?ref_=sr_t_151,2024,2h 15m,,5.4,1.7K
152. Crew,https://www.imdb.com/title/tt21383812/?ref_=sr_t_152,2024,1h 58m,,5.8,37K
153. You Gotta Believe,https://www.imdb.com/title/tt15685360/?ref_=sr_t_153,2024,1h 44m,PG,5.4,596
154. Vindicating Trump,https://www.imdb.com/title/tt33355888/?ref_=sr_t_154,2024,1h 36m,PG-13,3.9,1.5K
155. Something to Stand for with Mike Rowe,https://www.imdb.com/title/tt32277067/?ref_=sr_t_155,2024,1h 36m,,9.0,240
156. Goodrich,https://www.imdb.com/title/tt10171472/?ref_=sr_t_156,2024,1h 50m,R,6.3,2.8K
157. Oddity,https://www.imdb.com/title/tt26470109/?ref_=sr_t_157,2024,1h 38m,R,6.7,33K
158. Indian 2,https://www.imdb.com/title/tt8066940/?ref_=sr_t_158,2024,3h,,3.9,16K
159. The Roundup: Punishment,https://www.imdb.com/title/tt27811040/?ref_=sr_t_159,2024,1h 49m,,6.6,4.4K
160. Kneecap,https://www.imdb.com/title/tt27367464/?ref_=sr_t_160,2024,1h 45m,R,7.6,11K
161. Sting,https://www.imdb.com/title/tt20112746/?ref_=sr_t_161,2024,1h 32m,R,5.7,14K
162. Touch,https://www.imdb.com/title/tt23468836/?ref_=sr_t_162,2024,2h 1m,R,7.4,3.9K
163. Article 370,https://www.imdb.com/title/tt30970235/?ref_=sr_t_163,2024,2h 38m,,7.8,24K
164. Bad Newz,https://www.imdb.com/title/tt24517830/?ref_=sr_t_164,2024,2h 22m,,4.8,26K
165. The Outrun,https://www.imdb.com/title/tt11687002/?ref_=sr_t_165,2024,1h 58m,R,6.9,9.9K
166. Sasquatch Sunset,https://www.imdb.com/title/tt30180830/?ref_=sr_t_166,2024,1h 28m,R,5.4,5K
167. The Brutalist,https://www.imdb.com/title/tt8999762/?ref_=sr_t_167,2024,3h 35m,R,8.1,3K
168. Fighter,https://www.imdb.com/title/tt13818368/?ref_=sr_t_168,2024,2h 46m,Not Rated,6.2,51K
169. Lost on a Mountain in Maine,https://www.imdb.com/title/tt2965408/?ref_=sr_t_169,2024,1h 38m,PG,6.7,348
170. Laufey's A Night at the Symphony: Hollywood Bowl,https://www.imdb.com/title/tt34227779/?ref_=sr_t_170,2024,1h 38m,,9.4,87
171. Arcadian,https://www.imdb.com/title/tt22939186/?ref_=sr_t_171,2024,1h 32m,R,5.5,20K
172. Dragonkeeper,https://www.imdb.com/title/tt7093904/?ref_=sr_t_172,2024,1h 38m,PG,5.7,1.4K
173. CatVideoFest 2024,https://www.imdb.com/title/tt31630188/?ref_=sr_t_173,2024,1h 13m,,6.5,20
174. Your Monster,https://www.imdb.com/title/tt22741760/?ref_=sr_t_174,2024,1h 43m,R,6.4,3.3K
175. Slingshot,https://www.imdb.com/title/tt12616480/?ref_=sr_t_175,2024,1h 48m,R,5.7,6.9K
"176. RM: Right People, Wrong Place",https://www.imdb.com/title/tt33319928/?ref_=sr_t_176,2024,1h 20m,,8.2,314
177. Disciples in the Moonlight,https://www.imdb.com/title/tt23844724/?ref_=sr_t_177,2024,2h 6m,,3.6,528
178. The Return,https://www.imdb.com/title/tt19861162/?ref_=sr_t_178,2024,1h 56m,R,6.3,3.3K
179. Ghostlight,https://www.imdb.com/title/tt30321095/?ref_=sr_t_179,2024,1h 55m,R,7.6,4.4K
180. Bade Miyan Chote Miyan,https://www.imdb.com/title/tt18072316/?ref_=sr_t_180,2024,2h 43m,Not Rated,3.8,39K
181. All We Imagine as Light,https://www.imdb.com/title/tt32086077/?ref_=sr_t_181,2024,1h 58m,Unrated,7.3,3.4K
182. I Am the Immaculate Conception,https://www.imdb.com/title/tt33602748/?ref_=sr_t_182,2024,,,7.1,23
183. A Different Man,https://www.imdb.com/title/tt21097228/?ref_=sr_t_183,2024,1h 52m,R,7.0,14K
184. Memoir of a Snail,https://www.imdb.com/title/tt23770030/?ref_=sr_t_184,2024,1h 35m,R,7.8,6.4K
185. The Goat Life,https://www.imdb.com/title/tt5525650/?ref_=sr_t_185,2024,2h 53m,,7.1,46K
186. Ryan's World the Movie: Titan Universe Adventure,https://www.imdb.com/title/tt29898251/?ref_=sr_t_186,2024,1h 20m,,2.1,455
187. Weekend in Taipei,https://www.imdb.com/title/tt28142896/?ref_=sr_t_187,2024,1h 40m,R,5.7,3K
188. Not Another Church Movie,https://www.imdb.com/title/tt19358036/?ref_=sr_t_188,2024,1h 30m,R,2.2,1K
189. Rumours,https://www.imdb.com/title/tt30841606/?ref_=sr_t_189,2024,1h 44m,R,5.1,3.2K
190. Faith of Angels,https://www.imdb.com/title/tt30443437/?ref_=sr_t_190,2024,1h 38m,PG,8.2,89
191. Treasure,https://www.imdb.com/title/tt9462944/?ref_=sr_t_191,2024,1h 51m,R,6.3,1.6K
192. Winnie-the-Pooh: Blood and Honey 2,https://www.imdb.com/title/tt23330554/?ref_=sr_t_192,2024,1h 33m,Not Rated,4.7,10K
193. Exhibiting Forgiveness,https://www.imdb.com/title/tt28523838/?ref_=sr_t_193,2024,1h 57m,R,7.0,851
194. Young Woman and the Sea,https://www.imdb.com/title/tt5177114/?ref_=sr_t_194,2024,2h 9m,PG,7.5,15K
195. Skincare,https://www.imdb.com/title/tt28223926/?ref_=sr_t_195,2024,1h 36m,R,5.7,3.6K
196. Snack Shack,https://www.imdb.com/title/tt22004344/?ref_=sr_t_196,2024,1h 52m,R,7.0,9.4K
197. Raayan,https://www.imdb.com/title/tt26233598/?ref_=sr_t_197,2024,2h 25m,,6.5,10K
198. Azrael,https://www.imdb.com/title/tt22173666/?ref_=sr_t_198,2024,1h 26m,R,5.4,8.1K
199. Eno,https://www.imdb.com/title/tt19854690/?ref_=sr_t_199,2024,1h 25m,,7.9,220
200. Jesus,https://www.imdb.com/title/tt28354262/?ref_=sr_t_200,2024,2h 27m,,7.7,143
201. Six Days in August,https://www.imdb.com/title/tt32813616/?ref_=sr_t_201,2024,2h,PG-13,6.4,95
"202. I, the Executioner",https://www.imdb.com/title/tt30287778/?ref_=sr_t_202,2024,1h 58m,,6.4,1.1K
203. Rob Peace,https://www.imdb.com/title/tt10740926/?ref_=sr_t_203,2024,2h,R,6.6,1.4K
204. Good One,https://www.imdb.com/title/tt30319516/?ref_=sr_t_204,2024,1h 29m,R,6.6,1.8K
205. Forty-Seven Days with Jesus,https://www.imdb.com/title/tt27691828/?ref_=sr_t_205,2024,2h 15m,,7.4,97
206. Twilight of the Warriors: Walled In,https://www.imdb.com/title/tt20316748/?ref_=sr_t_206,2024,2h 6m,R,7.0,6.6K
207. The Damned,https://www.imdb.com/title/tt15010692/?ref_=sr_t_207,2024,1h 29m,R,6.1,350
208. Nickel Boys,https://www.imdb.com/title/tt23055660/?ref_=sr_t_208,2024,2h 20m,PG-13,7.6,988
209. How to Make Millions Before Grandma Dies,https://www.imdb.com/title/tt31392609/?ref_=sr_t_209,2024,2h 5m,TV-PG,8.0,9.2K
210. I Am: Celine Dion,https://www.imdb.com/title/tt28620587/?ref_=sr_t_210,2024,1h 43m,PG,7.8,7.5K
211. The Hopeful,https://www.imdb.com/title/tt9357860/?ref_=sr_t_211,2024,1h 30m,,6.9,75
212. The Room Next Door,https://www.imdb.com/title/tt29439114/?ref_=sr_t_212,2024,1h 47m,PG-13,7.0,8.1K
213. The Seed of the Sacred Fig,https://www.imdb.com/title/tt32178949/?ref_=sr_t_213,2024,2h 47m,PG-13,7.6,4.7K
214. Escape,https://www.imdb.com/title/tt31898445/?ref_=sr_t_214,2024,1h 34m,,6.4,1.5K
215. September 5,https://www.imdb.com/title/tt28082769/?ref_=sr_t_215,2024,1h 35m,R,7.1,1.2K
216. Hijack 1971,https://www.imdb.com/title/tt31624258/?ref_=sr_t_216,2024,1h 40m,R,6.8,2.8K
217. Ghost Cat Anzu,https://www.imdb.com/title/tt28036831/?ref_=sr_t_217,2024,1h 37m,,6.6,465
218. Standing on the Shoulders of Kitties,https://www.imdb.com/title/tt27858066/?ref_=sr_t_218,2024,1h 51m,R,7.3,153
219. Luther: Never Too Much,https://www.imdb.com/title/tt10850320/?ref_=sr_t_219,2024,1h 41m,,8.4,232
220. Get Away,https://www.imdb.com/title/tt10449276/?ref_=sr_t_220,2024,1h 26m,R,5.8,327
221. Bocchi the Rock! Re:,https://www.imdb.com/title/tt32561659/?ref_=sr_t_221,2024,1h 30m,,7.6,121
222. Christmas Eve in Miller's Point,https://www.imdb.com/title/tt25052668/?ref_=sr_t_222,2024,1h 46m,PG-13,5.3,1.1K
"223. Oh, Canada",https://www.imdb.com/title/tt29994753/?ref_=sr_t_223,2024,1h 31m,,5.7,744
224. No Way Up,https://www.imdb.com/title/tt16253418/?ref_=sr_t_224,2024,1h 30m,R,4.6,9.5K
225. Bird,https://www.imdb.com/title/tt28277817/?ref_=sr_t_225,2024,1h 59m,R,7.1,3.6K
226. Soundtrack to a Coup d'Etat,https://www.imdb.com/title/tt14452174/?ref_=sr_t_226,2024,2h 30m,,8.1,656
227. The End,https://www.imdb.com/title/tt15551346/?ref_=sr_t_227,2024,2h 28m,R,6.2,629
228. A Fragile Flower,https://www.imdb.com/title/tt31523149/?ref_=sr_t_228,2024,1h 36m,,4.4,65
229. ¡Casa Bonita Mi Amor!,https://www.imdb.com/title/tt32149731/?ref_=sr_t_229,2024,1h 28m,,7.6,1.1K
230. Shinda Shinda No Papa,https://www.imdb.com/title/tt30777542/?ref_=sr_t_230,2024,2h 15m,,5.9,571
231. Customs Frontline,https://www.imdb.com/title/tt19029666/?ref_=sr_t_231,2024,1h 55m,,5.5,398
232. Los Frikis,https://www.imdb.com/title/tt15744108/?ref_=sr_t_232,2024,1h 51m,R,7.8,595
233. Sugarcane,https://www.imdb.com/title/tt30319854/?ref_=sr_t_233,2024,1h 47m,R,7.2,832
234. War Game,https://www.imdb.com/title/tt26681810/?ref_=sr_t_234,2024,1h 34m,,5.5,561
235. God & Country,https://www.imdb.com/title/tt29259251/?ref_=sr_t_235,2024,1h 30m,PG-13,6.2,1.1K
236. Stress Positions,https://www.imdb.com/title/tt30319533/?ref_=sr_t_236,2024,1h 35m,,5.0,548
237. Let's Start a Cult,https://www.imdb.com/title/tt24805876/?ref_=sr_t_237,2024,1h 30m,,5.7,737
238. Dahomey,https://www.imdb.com/title/tt31015216/?ref_=sr_t_238,2024,1h 8m,,6.8,1.7K
239. Dandelion,https://www.imdb.com/title/tt22866050/?ref_=sr_t_239,2024,1h 53m,R,5.3,368
240. In the Summers,https://www.imdb.com/title/tt24805832/?ref_=sr_t_240,2024,1h 35m,Unrated,6.5,659
241. Water Brother,https://www.imdb.com/title/tt14016126/?ref_=sr_t_241,2024,,,9.5,26
242. Crossing,https://www.imdb.com/title/tt27417166/?ref_=sr_t_242,2024,1h 46m,,7.5,3.6K
243. Bloody Axe Wound,https://www.imdb.com/title/tt6975842/?ref_=sr_t_243,2024,1h 23m,,5.8,73
244. The Count of Monte-Cristo,https://www.imdb.com/title/tt26446278/?ref_=sr_t_244,2024,2h 58m,,7.6,23K
245. Bad Shabbos,https://www.imdb.com/title/tt14402042/?ref_=sr_t_245,2024,1h 24m,,8.8,77
246. Better Man,https://www.imdb.com/title/tt14260836/?ref_=sr_t_246,2024,2h 14m,R,7.7,4.3K
247. Sebastian,https://www.imdb.com/title/tt30317033/?ref_=sr_t_247,2024,1h 50m,Unrated,6.7,1.3K
248. Harbin,https://www.imdb.com/title/tt23630030/?ref_=sr_t_248,2024,1h 48m,,7.0,175
249. Kizumonogatari: Koyomi Vamp,https://www.imdb.com/title/tt31152166/?ref_=sr_t_249,2024,2h 24m,16+,7.0,58
250. Alienoid: The Return to the Future,https://www.imdb.com/title/tt20201212/?ref_=sr_t_250,2024,2h 2m,,6.5,2.3K
251. LiSA LiVE is SMiLE ALWAYS -LANDER-,https://www.imdb.com/title/tt32742667/?ref_=sr_t_251,2024,2h 11m,,,
252. Force of Nature: The Dry 2,https://www.imdb.com/title/tt20256448/?ref_=sr_t_252,2024,2h,R,5.9,5.9K
253. Seeking Mavis Beacon,https://www.imdb.com/title/tt18322912/?ref_=sr_t_253,2024,1h 42m,R,5.9,108
254. The Beast Within,https://www.imdb.com/title/tt14539318/?ref_=sr_t_254,2024,1h 37m,R,4.3,3.9K
255. Fighting Spirit: A Combat Chaplain's Journey,https://www.imdb.com/title/tt29293520/?ref_=sr_t_255,2024,PG-13,,8.6,24
256. The Girl with the Needle,https://www.imdb.com/title/tt10236164/?ref_=sr_t_256,2024,2h 3m,,7.5,967
257. The Last Showgirl,https://www.imdb.com/title/tt31193791/?ref_=sr_t_257,2024,1h 29m,R,6.1,1.2K
258. Sabbath Queen,https://www.imdb.com/title/tt32145808/?ref_=sr_t_258,2024,1h 45m,,8.1,47
259. Union,https://www.imdb.com/title/tt30319916/?ref_=sr_t_259,2024,1h 40m,,7.1,169
260. Humane,https://www.imdb.com/title/tt16280912/?ref_=sr_t_260,2024,1h 33m,R,5.5,6K
261. Meanwhile on Earth,https://www.imdb.com/title/tt21247132/?ref_=sr_t_261,2024,1h 29m,R,6.1,686
262. Omni Loop,https://www.imdb.com/title/tt28150132/?ref_=sr_t_262,2024,1h 52m,,5.5,1.8K
263. Panda Plan,https://www.imdb.com/title/tt28630624/?ref_=sr_t_263,2024,1h 39m,,5.4,540
264. Leap of Faith,https://www.imdb.com/title/tt33292849/?ref_=sr_t_264,2024,1h 26m,PG,7.8,29
265. Dark Feathers: Dance of the Geisha,https://www.imdb.com/title/tt18566574/?ref_=sr_t_265,2024,1h 33m,PG-13,6.1,641
266. Ernest Cole: Lost and Found,https://www.imdb.com/title/tt27760132/?ref_=sr_t_266,2024,1h 45m,,7.0,141
267. The Wasp,https://www.imdb.com/title/tt21958136/?ref_=sr_t_267,2024,1h 36m,R,6.0,3K
268. From Embers,https://www.imdb.com/title/tt29995494/?ref_=sr_t_268,2024,1h 39m,,4.9,95
269. Daytime Revolution,https://www.imdb.com/title/tt26931735/?ref_=sr_t_269,2024,1h 48m,,7.1,28
270. Red Right Hand,https://www.imdb.com/title/tt19244260/?ref_=sr_t_270,2024,1h 51m,,5.4,5.3K
271. Rajkumar,https://www.imdb.com/title/tt30400822/?ref_=sr_t_271,2024,2h 25m,,7.3,2.6K
272. Trapezium,https://www.imdb.com/title/tt31142500/?ref_=sr_t_272,2024,1h 42m,,6.5,90
273. Altered Reality,https://www.imdb.com/title/tt12004238/?ref_=sr_t_273,2024,1h 39m,,6.3,54
274. A Mistake,https://www.imdb.com/title/tt13605284/?ref_=sr_t_274,2024,1h 41m,,5.4,596
275. The World According to Allee Willis,https://www.imdb.com/title/tt30700475/?ref_=sr_t_275,2024,1h 37m,Not Rated,8.1,44
276. Midas,https://www.imdb.com/title/tt28128599/?ref_=sr_t_276,2024,1h 25m,,4.6,313
277. Inheritance to Love,https://www.imdb.com/title/tt30934481/?ref_=sr_t_277,2024,1h 28m,,9.2,32
278. The Heart Stays,https://www.imdb.com/title/tt3972986/?ref_=sr_t_278,2024,2h 16m,,8.2,9
279. Handling the Undead,https://www.imdb.com/title/tt2118648/?ref_=sr_t_279,2024,1h 37m,,5.4,3.9K
280. Porcelain War,https://www.imdb.com/title/tt30294282/?ref_=sr_t_280,2024,1h 27m,R,7.6,416
281. Kajolrekha,https://www.imdb.com/title/tt30701665/?ref_=sr_t_281,2024,2h 36m,,6.3,151
282. Great Pretender: Razbliuto,https://www.imdb.com/title/tt30827040/?ref_=sr_t_282,2024,1h 29m,,6.2,151
283. Black Box Diaries,https://www.imdb.com/title/tt30227076/?ref_=sr_t_283,2024,1h 42m,,7.9,514
"284. Carville: Winning Is Everything, Stupid",https://www.imdb.com/title/tt33303715/?ref_=sr_t_284,2024,1h 38m,,7.4,217
285. The Black Sea,https://www.imdb.com/title/tt30309913/?ref_=sr_t_285,2024,1h 36m,R,8.1,60
286. Drugstore June,https://www.imdb.com/title/tt19364132/?ref_=sr_t_286,2024,1h 31m,,5.3,1.4K
287. The Gutter,https://www.imdb.com/title/tt31186932/?ref_=sr_t_287,2024,1h 32m,,5.5,246
288. American Star,https://www.imdb.com/title/tt19984386/?ref_=sr_t_288,2024,1h 47m,R,5.5,2.2K
289. Vermiglio,https://www.imdb.com/title/tt28618488/?ref_=sr_t_289,2024,1h 59m,,7.0,1.6K
290. Lake George,https://www.imdb.com/title/tt29536384/?ref_=sr_t_290,2024,1h 58m,,6.3,516
291. Zurawski v Texas,https://www.imdb.com/title/tt33303798/?ref_=sr_t_291,2024,1h 38m,,8.4,61
292. Pastor's Kid,https://www.imdb.com/title/tt8510380/?ref_=sr_t_292,2024,1h 30m,R,6.5,38
293. Heavier Trip,https://www.imdb.com/title/tt28772978/?ref_=sr_t_293,2024,1h 36m,,6.1,663
294. The Windigo,https://www.imdb.com/title/tt10094388/?ref_=sr_t_294,2024,1h 25m,,5.3,576
295. America's Burning,https://www.imdb.com/title/tt32148575/?ref_=sr_t_295,2024,1h 23m,,6.6,43
296. Out Come the Wolves,https://www.imdb.com/title/tt4853290/?ref_=sr_t_296,2024,1h 26m,R,4.7,1.2K
297. For Prophet,https://www.imdb.com/title/tt10342364/?ref_=sr_t_297,2024,1h 45m,,5.7,92
298. Bookworm,https://www.imdb.com/title/tt23472210/?ref_=sr_t_298,2024,1h 43m,,6.1,1.3K
299. Little Bites,https://www.imdb.com/title/tt27725206/?ref_=sr_t_299,2024,1h 45m,R,4.5,729
300. Santosh,https://www.imdb.com/title/tt30444418/?ref_=sr_t_300,2024,2h,R,7.1,834
301. Separated,https://www.imdb.com/title/tt33029968/?ref_=sr_t_301,2024,1h 33m,,7.0,101
302. A Little Family Drama,https://www.imdb.com/title/tt21337754/?ref_=sr_t_302,2024,1h 27m,PG-13,8.8,153
303. Mind Body & Soul,https://www.imdb.com/title/tt16233720/?ref_=sr_t_303,2024,1h 20m,,7.5,14
304. Things Will Be Different,https://www.imdb.com/title/tt27491225/?ref_=sr_t_304,2024,1h 42m,,5.2,1.5K
305. 2073,https://www.imdb.com/title/tt22042346/?ref_=sr_t_305,2024,1h 25m,,5.2,217
306. Made in England: The Films of Powell and Pressburger,https://www.imdb.com/title/tt19895822/?ref_=sr_t_306,2024,2h 11m,,8.0,1.1K
307. Prey,https://www.imdb.com/title/tt27682129/?ref_=sr_t_307,2024,1h 26m,,3.7,3.1K
308. Valleyheart,https://www.imdb.com/title/tt15104810/?ref_=sr_t_308,2024,1h 38m,,9.1,36
309. Kenshi Yonezu 2023 Tour Fantasy,https://www.imdb.com/title/tt33247121/?ref_=sr_t_309,2024,1h 47m,,,
310. Universal Language,https://www.imdb.com/title/tt31691389/?ref_=sr_t_310,2024,1h 29m,,7.0,499
311. My Dearest Fu Bao,https://www.imdb.com/title/tt33368329/?ref_=sr_t_311,2024,1h 34m,,7.3,60
312. Revolver,https://www.imdb.com/title/tt28284984/?ref_=sr_t_312,2024,1h 54m,,5.4,713
313. Sex-Positive,https://www.imdb.com/title/tt16161330/?ref_=sr_t_313,2024,1h 25m,,4.1,596
314. The Last Breath,https://www.imdb.com/title/tt14827150/?ref_=sr_t_314,2024,1h 36m,R,4.7,1.7K
315. Before Dawn,https://www.imdb.com/title/tt10869956/?ref_=sr_t_315,2024,1h 41m,R,5.4,829
316. 50 km/h,https://www.imdb.com/title/tt27395353/?ref_=sr_t_316,2024,1h 50m,R,6.1,521
317. Carry-On,https://www.imdb.com/title/tt21382296/?ref_=sr_t_317,2024,1h 59m,PG-13,6.5,118K
318. Juror #2,https://www.imdb.com/title/tt27403986/?ref_=sr_t_318,2024,1h 54m,PG-13,7.0,55K
319. The Six Triple Eight,https://www.imdb.com/title/tt24458622/?ref_=sr_t_319,2024,2h 7m,PG-13,6.7,14K
320. Dear Santa,https://www.imdb.com/title/tt2396431/?ref_=sr_t_320,2024,1h 47m,PG-13,5.4,17K
321. Wallace & Gromit: Vengeance Most Fowl,https://www.imdb.com/title/tt17163970/?ref_=sr_t_321,2024,1h 19m,PG,7.9,13K
322. That Christmas,https://www.imdb.com/title/tt14855468/?ref_=sr_t_322,2024,1h 31m,PG,6.8,15K
323. Subservience,https://www.imdb.com/title/tt24871974/?ref_=sr_t_323,2024,1h 46m,R,5.4,20K
324. Nightbitch,https://www.imdb.com/title/tt12810074/?ref_=sr_t_324,2024,1h 39m,R,5.7,7.2K
325. Young Hearts,https://www.imdb.com/title/tt15245268/?ref_=sr_t_325,2024,1h 37m,,8.2,3.1K
326. Our Little Secret,https://www.imdb.com/title/tt31022050/?ref_=sr_t_326,2024,1h 41m,TV-14,5.7,22K
327. Hot Frosty,https://www.imdb.com/title/tt32359447/?ref_=sr_t_327,2024,1h 32m,TV-PG,5.3,14K
328. Lucky Baskhar,https://www.imdb.com/title/tt27540542/?ref_=sr_t_328,2024,2h 50m,,8.0,23K
329. Culpa Tuya,https://www.imdb.com/title/tt28510079/?ref_=sr_t_329,2024,2h,,5.3,4.4K
330. Nutcrackers,https://www.imdb.com/title/tt30144381/?ref_=sr_t_330,2024,1h 44m,TV-14,5.5,8.6K
331. Emilia Pérez,https://www.imdb.com/title/tt20221436/?ref_=sr_t_331,2024,2h 12m,R,6.8,21K
332. Maria,https://www.imdb.com/title/tt22893404/?ref_=sr_t_332,2024,2h 4m,R,6.5,8.1K
333. The Merry Gentlemen,https://www.imdb.com/title/tt32368345/?ref_=sr_t_333,2024,1h 27m,TV-14,4.8,9.5K
334. Baby John,https://www.imdb.com/title/tt27757805/?ref_=sr_t_334,2024,2h 39m,,6.7,14K
335. Ferry 2,https://www.imdb.com/title/tt30021427/?ref_=sr_t_335,2024,1h 34m,TV-MA,5.7,2.8K
336. Mary,https://www.imdb.com/title/tt32084246/?ref_=sr_t_336,2024,1h 52m,TV-14,5.2,7K
337. Viduthalai Part 2,https://www.imdb.com/title/tt25434834/?ref_=sr_t_337,2024,2h 50m,,8.6,14K
338. Marco,https://www.imdb.com/title/tt29383379/?ref_=sr_t_338,2024,2h 25m,,7.9,10K
339. DarkGame,https://www.imdb.com/title/tt5613018/?ref_=sr_t_339,2024,1h 40m,,4.7,2.5K
340. Eden,https://www.imdb.com/title/tt23149780/?ref_=sr_t_340,2024,2h,R,6.0,729
341. Rebel Ridge,https://www.imdb.com/title/tt11301886/?ref_=sr_t_341,2024,2h 11m,TV-MA,6.8,76K
342. Amaran,https://www.imdb.com/title/tt27118357/?ref_=sr_t_342,2024,2h 47m,,8.2,15K
343. Wolfs,https://www.imdb.com/title/tt14257582/?ref_=sr_t_343,2024,1h 48m,R,6.5,66K
344. The New Year That Never Came,https://www.imdb.com/title/tt33030375/?ref_=sr_t_344,2024,2h 18m,,8.4,3.6K
345. Parthenope,https://www.imdb.com/title/tt23853982/?ref_=sr_t_345,2024,2h 16m,R,6.9,3.2K
346. Dirty Angels,https://www.imdb.com/title/tt23872640/?ref_=sr_t_346,2024,1h 44m,R,4.2,2K
347. Blitz,https://www.imdb.com/title/tt15939198/?ref_=sr_t_347,2024,2h,PG-13,6.2,12K
348. Girls Will Be Girls,https://www.imdb.com/title/tt18277182/?ref_=sr_t_348,2024,1h 58m,,7.1,1.3K
349. It's What's Inside,https://www.imdb.com/title/tt14577874/?ref_=sr_t_349,2024,1h 43m,R,6.6,34K
350. Meet Me Next Christmas,https://www.imdb.com/title/tt20502488/?ref_=sr_t_350,2024,1h 45m,TV-14,5.6,8.1K
351. How to Make Gravy,https://www.imdb.com/title/tt26315685/?ref_=sr_t_351,2024,2h,,7.1,723
352. The Children's Train,https://www.imdb.com/title/tt29242846/?ref_=sr_t_352,2024,1h 46m,TV-14,7.4,4.2K
353. Don't Move,https://www.imdb.com/title/tt24807110/?ref_=sr_t_353,2024,1h 32m,R,5.8,33K
354. Caddo Lake,https://www.imdb.com/title/tt15552142/?ref_=sr_t_354,2024,1h 43m,PG-13,6.9,34K
355. Paddington in Peru,https://www.imdb.com/title/tt5822536/?ref_=sr_t_355,2024,1h 46m,PG,6.8,4.4K
356. A Sudden Case of Christmas,https://www.imdb.com/title/tt32352172/?ref_=sr_t_356,2024,1h 31m,,5.1,1K
357. Survive,https://www.imdb.com/title/tt27032708/?ref_=sr_t_357,2024,1h 30m,,4.5,1.2K
358. Joy,https://www.imdb.com/title/tt10243672/?ref_=sr_t_358,2024,1h 55m,PG-13,7.1,6.6K
359. UI,https://www.imdb.com/title/tt23875550/?ref_=sr_t_359,2024,2h 15m,,7.9,4.8K
360. Sidelined: The QB and Me,https://www.imdb.com/title/tt19704542/?ref_=sr_t_360,2024,1h 39m,,5.9,2.4K
361. The Inheritance,https://www.imdb.com/title/tt9271850/?ref_=sr_t_361,2024,1h 25m,,4.7,2.3K
362. Jigra,https://www.imdb.com/title/tt26733317/?ref_=sr_t_362,2024,2h 33m,,6.1,22K
363. Sleeping Dogs,https://www.imdb.com/title/tt8542964/?ref_=sr_t_363,2024,1h 50m,R,6.1,18K
364. Road House,https://www.imdb.com/title/tt3359350/?ref_=sr_t_364,2024,2h 1m,R,6.2,160K
365. The Union,https://www.imdb.com/title/tt12610390/?ref_=sr_t_365,2024,1h 47m,PG-13,5.4,49K
366. The Idea of You,https://www.imdb.com/title/tt9466114/?ref_=sr_t_366,2024,1h 55m,R,6.3,68K
367. Maharaja,https://www.imdb.com/title/tt26548265/?ref_=sr_t_367,2024,2h 21m,,8.4,60K
368. Kill Em All 2,https://www.imdb.com/title/tt6549510/?ref_=sr_t_368,2024,1h 28m,R,4.0,1.1K
369. Damsel,https://www.imdb.com/title/tt13452446/?ref_=sr_t_369,2024,1h 50m,PG-13,6.1,104K
370. The Holiday Junkie,https://www.imdb.com/title/tt32560068/?ref_=sr_t_370,2024,1h 28m,TV-PG,6.4,368
371. Apocalypse Z: The Beginning of the End,https://www.imdb.com/title/tt27599851/?ref_=sr_t_371,2024,1h 57m,,6.1,17K
372. The Program,https://www.imdb.com/title/tt33549764/?ref_=sr_t_372,2024,1h 42m,,7.1,443
373. Salem's Lot,https://www.imdb.com/title/tt10245072/?ref_=sr_t_373,2024,1h 54m,R,5.6,30K
374. The Piano Lesson,https://www.imdb.com/title/tt15507512/?ref_=sr_t_374,2024,2h 7m,PG-13,6.2,3.8K
375. Distant,https://www.imdb.com/title/tt9883398/?ref_=sr_t_375,2024,1h 27m,PG-13,5.7,1.3K
376. I'm Still Here,https://www.imdb.com/title/tt14961016/?ref_=sr_t_376,2024,2h 16m,PG-13,8.9,9.6K
377. Horizon: An American Saga - Chapter 2,https://www.imdb.com/title/tt27665778/?ref_=sr_t_377,2024,3h 10m,,7.2,920
378. Miller's Girl,https://www.imdb.com/title/tt8310486/?ref_=sr_t_378,2024,1h 33m,R,5.2,21K
379. Lift,https://www.imdb.com/title/tt14371878/?ref_=sr_t_379,2024,1h 47m,PG-13,5.5,47K
380. The Snow Sister,https://www.imdb.com/title/tt11092178/?ref_=sr_t_380,2024,1h 36m,,7.0,2K
381. Armor,https://www.imdb.com/title/tt29252358/?ref_=sr_t_381,2024,1h 29m,R,3.5,2.7K
382. Spellbound,https://www.imdb.com/title/tt7215232/?ref_=sr_t_382,2024,1h 49m,PG,5.7,5.2K
383. Uglies,https://www.imdb.com/title/tt13186604/?ref_=sr_t_383,2024,1h 40m,PG-13,4.7,30K
384. A Family Affair,https://www.imdb.com/title/tt21051906/?ref_=sr_t_384,2024,1h 51m,PG-13,5.3,34K
385. Sikandar Ka Muqaddar,https://www.imdb.com/title/tt31522415/?ref_=sr_t_385,2024,2h 22m,TV-14,6.0,23K
386. Christmas in the Spotlight,https://www.imdb.com/title/tt33338383/?ref_=sr_t_386,2024,1h 27m,TV-PG,5.8,593
387. The Night Before Christmas in Wonderland,https://www.imdb.com/title/tt32919749/?ref_=sr_t_387,2024,1h 20m,TV-Y,6.3,457
388. The Instigators,https://www.imdb.com/title/tt24169886/?ref_=sr_t_388,2024,1h 41m,R,6.2,34K
389. Outbreak,https://www.imdb.com/title/tt27791972/?ref_=sr_t_389,2024,1h 28m,,4.4,445
390. Time Cut,https://www.imdb.com/title/tt14857528/?ref_=sr_t_390,2024,1h 31m,TV-14,5.0,16K
391. Sweethearts,https://www.imdb.com/title/tt14636214/?ref_=sr_t_391,2024,1h 38m,R,5.6,3K
392. Beverly Hills Cop: Axel F,https://www.imdb.com/title/tt3083016/?ref_=sr_t_392,2024,1h 58m,R,6.4,77K
393. Irish Wish,https://www.imdb.com/title/tt21957774/?ref_=sr_t_393,2024,1h 33m,TV-PG,5.2,20K
394. Hellboy: The Crooked Man,https://www.imdb.com/title/tt26757462/?ref_=sr_t_394,2024,1h 39m,R,4.5,10K
395. Kishkindha Kaandam,https://www.imdb.com/title/tt15980138/?ref_=sr_t_395,2024,2h 13m,,8.1,8.7K
396. ChiefsAholic: A Wolf in Chiefs Clothing,https://www.imdb.com/title/tt32367912/?ref_=sr_t_396,2024,2h 1m,,6.3,213
397. Canary Black,https://www.imdb.com/title/tt20048582/?ref_=sr_t_397,2024,1h 41m,R,5.3,9.6K
398. Believe in Christmas,https://www.imdb.com/title/tt31987262/?ref_=sr_t_398,2024,1h 30m,,6.1,723
399. Super/Man: The Christopher Reeve Story,https://www.imdb.com/title/tt27902121/?ref_=sr_t_399,2024,1h 44m,PG-13,8.0,6.6K
400. Descendants: The Rise of Red,https://www.imdb.com/title/tt20202136/?ref_=sr_t_400,2024,1h 31m,TV-G,4.7,6.6K
401. Queen of the Ring,https://www.imdb.com/title/tt28070202/?ref_=sr_t_401,2024,2h 10m,PG-13,8.6,93
402. Agni,https://www.imdb.com/title/tt27930683/?ref_=sr_t_402,2024,2h 2m,,7.5,14K
403. The Life of Chuck,https://www.imdb.com/title/tt12908150/?ref_=sr_t_403,2024,1h 50m,,7.8,405
404. MadS,https://www.imdb.com/title/tt28821371/?ref_=sr_t_404,2024,1h 29m,TV-MA,6.5,5K
405. Apartment 7A,https://www.imdb.com/title/tt14371860/?ref_=sr_t_405,2024,1h 47m,R,5.8,13K
406. The Killer,https://www.imdb.com/title/tt1121948/?ref_=sr_t_406,2024,2h 6m,R,5.7,11K
407. The Christmas Letter,https://www.imdb.com/title/tt21108608/?ref_=sr_t_407,2024,1h 34m,,4.1,155
408. Once Upon a Christmas Wish,https://www.imdb.com/title/tt32018335/?ref_=sr_t_408,2024,1h 30m,,6.1,265
409. Watchmen: Chapter I,https://www.imdb.com/title/tt32627540/?ref_=sr_t_409,2024,1h 23m,R,7.0,5.4K
410. Brothers,https://www.imdb.com/title/tt9860566/?ref_=sr_t_410,2024,1h 29m,R,5.4,11K
411. Killer Heat,https://www.imdb.com/title/tt27419292/?ref_=sr_t_411,2024,1h 37m,R,5.6,12K
412. Stream,https://www.imdb.com/title/tt8964540/?ref_=sr_t_412,2024,2h 3m,,5.6,5.6K
413. The Silent Hour,https://www.imdb.com/title/tt22874848/?ref_=sr_t_413,2024,1h 39m,R,6.1,4.7K
414. A '90s Christmas,https://www.imdb.com/title/tt16270280/?ref_=sr_t_414,2024,1h 30m,,6.0,1K
415. Jack in Time for Christmas,https://www.imdb.com/title/tt34059852/?ref_=sr_t_415,2024,1h 6m,TV-MA,4.6,963
416. Presence,https://www.imdb.com/title/tt28249919/?ref_=sr_t_416,2024,1h 25m,R,6.7,377
417. Boot Camp,https://www.imdb.com/title/tt22827888/?ref_=sr_t_417,2024,1h 34m,,5.6,698
418. Stelios,https://www.imdb.com/title/tt33029543/?ref_=sr_t_418,2024,2h 12m,,7.4,818
419. Duchess,https://www.imdb.com/title/tt18300732/?ref_=sr_t_419,2024,1h 54m,R,4.6,1.1K
420. Aavesham,https://www.imdb.com/title/tt26660021/?ref_=sr_t_420,2024,2h 35m,,7.8,25K
421. The Shadow Strays,https://www.imdb.com/title/tt28349451/?ref_=sr_t_421,2024,2h 24m,TV-MA,6.5,7.8K
422. Lonely Planet,https://www.imdb.com/title/tt20194882/?ref_=sr_t_422,2024,1h 34m,R,5.7,9.9K
423. The Platform 2,https://www.imdb.com/title/tt27729779/?ref_=sr_t_423,2024,1h 39m,TV-MA,5.0,35K
424. Monster Summer,https://www.imdb.com/title/tt3954936/?ref_=sr_t_424,2024,1h 37m,PG-13,5.7,2.6K
425. The Last Journey,https://www.imdb.com/title/tt30454602/?ref_=sr_t_425,2024,1h 30m,,8.0,4K
426. The Primrose Railway Children,https://www.imdb.com/title/tt32889461/?ref_=sr_t_426,2024,1h 21m,,5.2,123
427. Spaceman,https://www.imdb.com/title/tt11097384/?ref_=sr_t_427,2024,1h 47m,R,5.7,41K
428. The Last Dance,https://www.imdb.com/title/tt31648020/?ref_=sr_t_428,2024,2h 6m,,7.9,1.5K
429. Khadaan,https://www.imdb.com/title/tt30701950/?ref_=sr_t_429,2024,2h 17m,,7.5,1.3K
430. Emmanuelle,https://www.imdb.com/title/tt20247888/?ref_=sr_t_430,2024,1h 47m,,4.8,481
431. Bagman,https://www.imdb.com/title/tt21201300/?ref_=sr_t_431,2024,1h 33m,PG-13,4.7,3.3K
432. Trapped Inn,https://www.imdb.com/title/tt13598996/?ref_=sr_t_432,2024,1h 55m,,2.8,635
433. Rust,https://www.imdb.com/title/tt11001074/?ref_=sr_t_433,2024,,,4.9,82
434. Cellar Door,https://www.imdb.com/title/tt11950888/?ref_=sr_t_434,2024,1h 37m,R,5.2,2.4K
435. A Dog's Will 2,https://www.imdb.com/title/tt28696532/?ref_=sr_t_435,2024,1h 44m,,6.5,700
436. The Red Virgin,https://www.imdb.com/title/tt27599713/?ref_=sr_t_436,2024,1h 54m,R,6.7,2K
437. The Remarkable Life of Ibelin,https://www.imdb.com/title/tt19811010/?ref_=sr_t_437,2024,1h 46m,PG-13,8.2,10K
438. Incoming,https://www.imdb.com/title/tt21284218/?ref_=sr_t_438,2024,1h 31m,R,5.8,12K
439. Unfrosted,https://www.imdb.com/title/tt14914430/?ref_=sr_t_439,2024,1h 37m,PG-13,5.5,33K
440. Jackpot!,https://www.imdb.com/title/tt26940324/?ref_=sr_t_440,2024,1h 46m,R,5.8,28K
441. Manjummel Boys,https://www.imdb.com/title/tt26458038/?ref_=sr_t_441,2024,2h 15m,,8.2,25K
"442. Thank You, Dr. Fauci",https://www.imdb.com/title/tt34361382/?ref_=sr_t_442,2024,1h 31m,,6.8,356
443. Disaster Holiday,https://www.imdb.com/title/tt34608980/?ref_=sr_t_443,2024,1h 33m,,4.8,509
444. Trigger Warning,https://www.imdb.com/title/tt5834874/?ref_=sr_t_444,2024,1h 46m,TV-MA,4.6,18K
445. Outside,https://www.imdb.com/title/tt32389619/?ref_=sr_t_445,2024,2h 22m,TV-MA,5.1,4K
446. Unstoppable,https://www.imdb.com/title/tt3864060/?ref_=sr_t_446,2024,1h 56m,PG-13,6.8,242
447. Boneyard,https://www.imdb.com/title/tt10993078/?ref_=sr_t_447,2024,1h 36m,R,4.1,3.7K
448. Atlas,https://www.imdb.com/title/tt14856980/?ref_=sr_t_448,2024,1h 58m,PG-13,5.6,54K
449. Do Patti,https://www.imdb.com/title/tt28075881/?ref_=sr_t_449,2024,2h 6m,TV-MA,6.5,67K
450. Bagheera,https://www.imdb.com/title/tt15380608/?ref_=sr_t_450,2024,2h 38m,,6.8,6.6K
451. Vanvaas,https://www.imdb.com/title/tt29120307/?ref_=sr_t_451,2024,2h 40m,,6.8,550
452. Lick,https://www.imdb.com/title/tt32810511/?ref_=sr_t_452,2024,1h 15m,,7.9,244
453. Blink,https://www.imdb.com/title/tt29259074/?ref_=sr_t_453,2024,1h 23m,PG,7.2,376
454. The Deliverance,https://www.imdb.com/title/tt4196566/?ref_=sr_t_454,2024,1h 52m,R,5.1,21K
455. Out of My Mind,https://www.imdb.com/title/tt5012320/?ref_=sr_t_455,2024,1h 42m,TV-PG,7.4,2K
456. Miss You,https://www.imdb.com/title/tt32553846/?ref_=sr_t_456,2024,2h 8m,,7.5,2.4K
457. Classified,https://www.imdb.com/title/tt27714840/?ref_=sr_t_457,2024,1h 45m,R,3.7,1.6K
458. Will & Harper,https://www.imdb.com/title/tt30321133/?ref_=sr_t_458,2024,1h 54m,R,7.5,10K
459. F*** Marry Kill,https://www.imdb.com/title/tt22528200/?ref_=sr_t_459,2024,1h 37m,R,5.2,943
460. Trouble,https://www.imdb.com/title/tt30217143/?ref_=sr_t_460,2024,1h 38m,TV-MA,6.2,5.8K
461. Year 10,https://www.imdb.com/title/tt21154574/?ref_=sr_t_461,2024,1h 36m,,4.7,565
462. Rebel Moon - Part Two: The Scargiver,https://www.imdb.com/title/tt23137904/?ref_=sr_t_462,2024,2h 2m,PG-13,5.3,57K
463. Mothers' Instinct,https://www.imdb.com/title/tt13397574/?ref_=sr_t_463,2024,1h 34m,R,6.3,17K
464. My Favourite Cake,https://www.imdb.com/title/tt31015278/?ref_=sr_t_464,2024,1h 37m,,7.5,5K
465. Grand Theft Hamlet,https://www.imdb.com/title/tt28244549/?ref_=sr_t_465,2024,1h 29m,R,7.4,230
466. Thangalaan,https://www.imdb.com/title/tt23018924/?ref_=sr_t_466,2024,2h 36m,,6.8,5.7K
467. Family Pack,https://www.imdb.com/title/tt29195603/?ref_=sr_t_467,2024,1h 34m,TV-MA,5.5,7.4K
468. Attack on Titan the Movie: The Last Attack,https://www.imdb.com/title/tt33175825/?ref_=sr_t_468,2024,2h 25m,,9.3,10K
469. Bougainvillea,https://www.imdb.com/title/tt32592802/?ref_=sr_t_469,2024,2h 18m,,6.4,2.2K
470. Anaconda,https://www.imdb.com/title/tt11668530/?ref_=sr_t_470,2024,1h 24m,,4.8,551
471. Despatch,https://www.imdb.com/title/tt15260176/?ref_=sr_t_471,2024,2h 33m,,4.5,4.2K
472. Ricky Stanicky,https://www.imdb.com/title/tt1660648/?ref_=sr_t_472,2024,1h 53m,R,6.2,53K
473. Armand,https://www.imdb.com/title/tt26745321/?ref_=sr_t_473,2024,1h 57m,R,6.4,1.3K
474. Sookshma Darshini,https://www.imdb.com/title/tt32495687/?ref_=sr_t_474,2024,2h 22m,,8.1,3.3K
475. Vicky Vidya Ka Woh Wala Video,https://www.imdb.com/title/tt29330913/?ref_=sr_t_475,2024,2h 32m,,5.2,10K
476. Yo Yo Honey Singh: Famous,https://www.imdb.com/title/tt27139868/?ref_=sr_t_476,2024,1h 20m,,7.0,4.7K
477. Love Me,https://www.imdb.com/title/tt21375602/?ref_=sr_t_477,2024,1h 32m,R,5.6,631
478. Dan Da Dan: First Encounter,https://www.imdb.com/title/tt33343397/?ref_=sr_t_478,2024,1h 23m,,8.2,2.1K
479. Watchmen: Chapter II,https://www.imdb.com/title/tt32627545/?ref_=sr_t_479,2024,1h 30m,R,7.0,1.8K
480. Runt,https://www.imdb.com/title/tt29424284/?ref_=sr_t_480,2024,1h 31m,,6.6,363
481. The Price of Money: A Largo Winch Adventure,https://www.imdb.com/title/tt23049322/?ref_=sr_t_481,2024,1h 40m,,5.1,734
482. Diamanti,https://www.imdb.com/title/tt32810496/?ref_=sr_t_482,2024,2h 15m,,7.1,457
483. Cash Out,https://www.imdb.com/title/tt24131288/?ref_=sr_t_483,2024,1h 32m,R,4.8,2.6K
484. Upgraded,https://www.imdb.com/title/tt21830902/?ref_=sr_t_484,2024,1h 44m,R,6.1,27K
485. Utopia,https://www.imdb.com/title/tt32001464/?ref_=sr_t_485,2024,1h 31m,R,3.7,237
486. Let Go,https://www.imdb.com/title/tt27410895/?ref_=sr_t_486,2024,1h 50m,TV-MA,7.0,5.4K
487. Greedy People,https://www.imdb.com/title/tt20201748/?ref_=sr_t_487,2024,1h 52m,R,6.2,8.4K
488. Aftermath,https://www.imdb.com/title/tt26545708/?ref_=sr_t_488,2024,1h 37m,,5.1,700
489. Amber Alert,https://www.imdb.com/title/tt31450182/?ref_=sr_t_489,2024,1h 30m,PG-13,6.0,4.2K
490. The Bibi Files,https://www.imdb.com/title/tt33338697/?ref_=sr_t_490,2024,1h 55m,,7.6,736
491. Kahar: Kapla High Council,https://www.imdb.com/title/tt31242447/?ref_=sr_t_491,2024,1h 42m,TV-MA,6.8,341
492. The Holiday Club,https://www.imdb.com/title/tt31199966/?ref_=sr_t_492,2024,1h 28m,,6.9,249
493. The Soul Eater,https://www.imdb.com/title/tt28821588/?ref_=sr_t_493,2024,1h 48m,,5.9,1.9K
494. Gunner,https://www.imdb.com/title/tt12598606/?ref_=sr_t_494,2024,1h 46m,,3.2,2K
"495. My Wife, My Abuser: The Secret Footage",https://www.imdb.com/title/tt31834725/?ref_=sr_t_495,2024,55m,,7.1,677
496. SuperKlaus,https://www.imdb.com/title/tt24659406/?ref_=sr_t_496,2024,1h 28m,,4.2,151
497. Last Known Location,https://www.imdb.com/title/tt13783632/?ref_=sr_t_497,2024,1h 50m,,5.4,404
498. The Devil's Bath,https://www.imdb.com/title/tt29141112/?ref_=sr_t_498,2024,2h 1m,,6.6,4.8K
499. Under Paris,https://www.imdb.com/title/tt13964390/?ref_=sr_t_499,2024,1h 44m,TV-MA,5.2,34K
500. The Fix,https://www.imdb.com/title/tt10284944/?ref_=sr_t_500,2024,1h 38m,,4.5,855
501. Pedro Páramo,https://www.imdb.com/title/tt27717667/?ref_=sr_t_501,2024,2h 10m,R,6.3,2.4K
502. Mea Culpa,https://www.imdb.com/title/tt26861992/?ref_=sr_t_502,2024,2h,R,4.2,6.7K
503. Yacht Rock: A Dockumentary,https://www.imdb.com/title/tt34280353/?ref_=sr_t_503,2024,1h 35m,TV-MA,7.7,1.3K
504. Daddy's Head,https://www.imdb.com/title/tt26682012/?ref_=sr_t_504,2024,1h 32m,TV-MA,5.6,3.7K
505. The Menendez Brothers,https://www.imdb.com/title/tt33481094/?ref_=sr_t_505,2024,1h 59m,TV-MA,7.0,8K
506. Chief of Station,https://www.imdb.com/title/tt21301418/?ref_=sr_t_506,2024,1h 37m,,4.7,3.9K
507. Hold Your Breath,https://www.imdb.com/title/tt12573480/?ref_=sr_t_507,2024,1h 34m,R,5.3,7.5K
508. Hard Truths,https://www.imdb.com/title/tt11891850/?ref_=sr_t_508,2024,1h 37m,R,7.5,576
509. Girl Haunts Boy,https://www.imdb.com/title/tt29892095/?ref_=sr_t_509,2024,1h 40m,PG,6.3,2.3K
510. Christmas at Plumhill Manor,https://www.imdb.com/title/tt32501660/?ref_=sr_t_510,2024,1h 27m,TV-PG,6.1,454
511. Ask Me What You Want,https://www.imdb.com/title/tt31723358/?ref_=sr_t_511,2024,1h 54m,,3.3,185
512. Jönssonligan kommer tillbaka,https://www.imdb.com/title/tt29633969/?ref_=sr_t_512,2024,1h 44m,,6.2,370
513. Barroz: Guardian of Treasures,https://www.imdb.com/title/tt10345546/?ref_=sr_t_513,2024,2h 35m,,4.7,487
514. The Salt Path,https://www.imdb.com/title/tt27766440/?ref_=sr_t_514,2024,1h 55m,,8.0,73
515. The Holiday List,https://www.imdb.com/title/tt27143535/?ref_=sr_t_515,2024,1h 25m,,4.4,154
516. Damaged,https://www.imdb.com/title/tt27304026/?ref_=sr_t_516,2024,1h 37m,R,4.7,6.4K
517. No Other Land,https://www.imdb.com/title/tt30953759/?ref_=sr_t_517,2024,1h 32m,,8.3,1.7K
518. First Shift,https://www.imdb.com/title/tt26434746/?ref_=sr_t_518,2024,1h 29m,,4.3,1.8K
519. The Thicket,https://www.imdb.com/title/tt4058618/?ref_=sr_t_519,2024,1h 48m,R,5.7,1.9K
520. All of You,https://www.imdb.com/title/tt30852384/?ref_=sr_t_520,2024,1h 38m,R,7.5,67
521. Mechanic Rocky,https://www.imdb.com/title/tt27191250/?ref_=sr_t_521,2024,2h 36m,,7.0,3.3K
522. Sector 36,https://www.imdb.com/title/tt21626774/?ref_=sr_t_522,2024,2h 3m,,7.1,24K
"523. Die, My Love",https://www.imdb.com/title/tt9362736/?ref_=sr_t_523,2024,,,,
524. The 4:30 Movie,https://www.imdb.com/title/tt28658276/?ref_=sr_t_524,2024,1h 27m,R,6.0,2.9K
525. The Tearsmith,https://www.imdb.com/title/tt29114029/?ref_=sr_t_525,2024,1h 43m,TV-MA,5.2,11K
526. Munjya,https://www.imdb.com/title/tt27995594/?ref_=sr_t_526,2024,2h 3m,,6.3,24K
527. All the Lost Ones,https://www.imdb.com/title/tt22002058/?ref_=sr_t_527,2024,1h 45m,,4.3,137
528. Magpie,https://www.imdb.com/title/tt20202324/?ref_=sr_t_528,2024,1h 30m,R,6.0,1.9K
529. Buy Now! The Shopping Conspiracy,https://www.imdb.com/title/tt34350086/?ref_=sr_t_529,2024,1h 24m,,6.7,4.7K
530. Kanguva,https://www.imdb.com/title/tt22036406/?ref_=sr_t_530,2024,2h 32m,,4.6,14K
531. The Day the Earth Blew Up: A Looney Tunes Movie,https://www.imdb.com/title/tt15352542/?ref_=sr_t_531,2024,1h 31m,PG,7.1,386
532. Justice,https://www.imdb.com/title/tt32245158/?ref_=sr_t_532,2024,1h 53m,TV-MA,6.3,3.3K
533. Life After Fighting,https://www.imdb.com/title/tt21478426/?ref_=sr_t_533,2024,2h 6m,,6.4,1.6K
534. Winter Spring Summer or Fall,https://www.imdb.com/title/tt24515124/?ref_=sr_t_534,2024,1h 37m,R,6.1,286
535. The Holiday Exchange,https://www.imdb.com/title/tt27420000/?ref_=sr_t_535,2024,1h 30m,,5.6,355
536. This is Not a Christmas Movie,https://www.imdb.com/title/tt32843452/?ref_=sr_t_536,2024,1h 45m,,6.3,271
537. Nugget Is Dead: A Christmas Story,https://www.imdb.com/title/tt32424777/?ref_=sr_t_537,2024,1h 27m,Not Rated,5.2,415
538. Succubus,https://www.imdb.com/title/tt13778486/?ref_=sr_t_538,2024,1h 43m,,4.6,946
"539. Canadian, Sniper",https://www.imdb.com/title/tt30223155/?ref_=sr_t_539,2024,1h 23m,,3.4,252
540. Scoop,https://www.imdb.com/title/tt21279806/?ref_=sr_t_540,2024,1h 42m,TV-14,6.5,19K
541. This Time Next Year,https://www.imdb.com/title/tt16301164/?ref_=sr_t_541,2024,1h 56m,,5.6,1.6K
542. Love in the Big City,https://www.imdb.com/title/tt33022813/?ref_=sr_t_542,2024,1h 58m,,7.6,771
543. Shaitaan,https://www.imdb.com/title/tt27744786/?ref_=sr_t_543,2024,2h 12m,Not Rated,6.5,53K
544. The Texas Cheerleader Murder Plot,https://www.imdb.com/title/tt34719774/?ref_=sr_t_544,2024,1h 40m,TV-14,5.0,203
545. Adopted,https://www.imdb.com/title/tt33347919/?ref_=sr_t_545,2024,1h 23m,,4.0,135
546. On Swift Horses,https://www.imdb.com/title/tt15042300/?ref_=sr_t_546,2024,1h 57m,,6.0,104
547. Bramayugam,https://www.imdb.com/title/tt27431598/?ref_=sr_t_547,2024,2h 19m,,7.8,13K
548. Brewster's Millions: Christmas,https://www.imdb.com/title/tt31955992/?ref_=sr_t_548,2024,1h 40m,,5.7,162
549. The Prosecutor,https://www.imdb.com/title/tt30024043/?ref_=sr_t_549,2024,1h 57m,,7.2,288
550. Chandu Champion,https://www.imdb.com/title/tt27470893/?ref_=sr_t_550,2024,2h 22m,,7.8,33K
551. Uprising,https://www.imdb.com/title/tt27987046/?ref_=sr_t_551,2024,2h 6m,TV-MA,6.6,4.6K
552. Max,https://www.imdb.com/title/tt27853611/?ref_=sr_t_552,2024,2h 12m,,7.8,2.1K
553. Mura,https://www.imdb.com/title/tt33294237/?ref_=sr_t_553,2024,2h 9m,,7.3,1.4K
554. The Other Way Around,https://www.imdb.com/title/tt32128317/?ref_=sr_t_554,2024,1h 54m,,6.6,834
555. Turtles All the Way Down,https://www.imdb.com/title/tt7737224/?ref_=sr_t_555,2024,1h 51m,PG-13,6.6,6.4K
556. Mother of the Bride,https://www.imdb.com/title/tt26926267/?ref_=sr_t_556,2024,1h 28m,TV-PG,4.8,16K
557. Darkness of Man,https://www.imdb.com/title/tt23173980/?ref_=sr_t_557,2024,1h 49m,R,4.4,1.7K
558. Rifle Club,https://www.imdb.com/title/tt31188121/?ref_=sr_t_558,2024,1h 53m,,7.5,669
559. The Sabarmati Report,https://www.imdb.com/title/tt30889755/?ref_=sr_t_559,2024,2h 7m,,6.6,21K
560. Colors of Evil: Red,https://www.imdb.com/title/tt27578157/?ref_=sr_t_560,2024,1h 51m,TV-MA,6.4,7.8K
561. Love Bomb,https://www.imdb.com/title/tt22097094/?ref_=sr_t_561,2024,1h 15m,,3.2,196
562. Khel Khel Mein,https://www.imdb.com/title/tt27056012/?ref_=sr_t_562,2024,2h 15m,,6.5,26K
563. V/H/S/Beyond,https://www.imdb.com/title/tt32880932/?ref_=sr_t_563,2024,1h 54m,Not Rated,5.9,8.1K
564. Vulgar,https://www.imdb.com/title/tt32916201/?ref_=sr_t_564,2024,1h 43m,TV-14,6.9,56
565. Reunion,https://www.imdb.com/title/tt15338966/?ref_=sr_t_565,2024,1h 30m,R,5.6,2.9K
566. The Mouse Trap,https://www.imdb.com/title/tt30743549/?ref_=sr_t_566,2024,1h 20m,Not Rated,2.5,2.5K
567. The Assessment,https://www.imdb.com/title/tt32768323/?ref_=sr_t_567,2024,1h 49m,,7.3,333
568. Niko: Beyond the Northern Lights,https://www.imdb.com/title/tt14813816/?ref_=sr_t_568,2024,1h 26m,,6.3,240
569. Beatles '64,https://www.imdb.com/title/tt33986138/?ref_=sr_t_569,2024,1h 46m,,7.2,1.9K
570. The Painter,https://www.imdb.com/title/tt30253266/?ref_=sr_t_570,2024,1h 40m,R,4.7,1.9K
571. Beautiful Wedding,https://www.imdb.com/title/tt26546123/?ref_=sr_t_571,2024,1h 40m,R,4.1,3.6K
572. The School Duel,https://www.imdb.com/title/tt33184621/?ref_=sr_t_572,2024,1h 30m,,8.9,46
573. Crescent City,https://www.imdb.com/title/tt18884172/?ref_=sr_t_573,2024,1h 43m,R,3.9,1.1K
574. The Surfer,https://www.imdb.com/title/tt27813235/?ref_=sr_t_574,2024,1h 39m,,6.5,377
575. Beating Hearts,https://www.imdb.com/title/tt27490099/?ref_=sr_t_575,2024,2h 46m,,7.3,2.4K
576. Enchanting Christmas,https://www.imdb.com/title/tt30342395/?ref_=sr_t_576,2024,1h 31m,,6.4,309
577. Levels,https://www.imdb.com/title/tt10831486/?ref_=sr_t_577,2024,1h 33m,R,5.0,1.2K
578. Find Me Falling,https://www.imdb.com/title/tt19862722/?ref_=sr_t_578,2024,1h 33m,TV-MA,6.3,12K
579. William Tell,https://www.imdb.com/title/tt22478818/?ref_=sr_t_579,2024,2h 13m,R,7.1,109
580. Monsieur Aznavour,https://www.imdb.com/title/tt26743414/?ref_=sr_t_580,2024,2h 13m,,7.4,1.3K
581. Desert Fiends,https://www.imdb.com/title/tt24132110/?ref_=sr_t_581,2024,,,9.2,185
582. Dilan 1983,https://www.imdb.com/title/tt31070645/?ref_=sr_t_582,2024,1h 56m,TV-PG,6.7,156
583. Hanu Man,https://www.imdb.com/title/tt15433956/?ref_=sr_t_583,2024,2h 38m,,7.7,29K
584. Take Cover,https://www.imdb.com/title/tt28129054/?ref_=sr_t_584,2024,1h 30m,,5.2,1.7K
585. Mafia Wars,https://www.imdb.com/title/tt10450852/?ref_=sr_t_585,2024,1h 34m,R,3.4,123
586. The Greatest Hits,https://www.imdb.com/title/tt2015349/?ref_=sr_t_586,2024,1h 34m,PG-13,6.2,6.8K
587. Old Guy,https://www.imdb.com/title/tt26442053/?ref_=sr_t_587,2024,1h 44m,R,7.1,44
588. The Painted,https://www.imdb.com/title/tt21816918/?ref_=sr_t_588,2024,1h 25m,,6.1,51
589. Last ExMas,https://www.imdb.com/title/tt11752598/?ref_=sr_t_589,2024,1h 24m,,5.5,290
590. Boss Ma'am,https://www.imdb.com/title/tt34525380/?ref_=sr_t_590,2024,1h 7m,,6.7,79
591. Detained,https://www.imdb.com/title/tt8178762/?ref_=sr_t_591,2024,1h 37m,,4.8,1.2K
592. Meiyazhagan,https://www.imdb.com/title/tt26758372/?ref_=sr_t_592,2024,2h 57m,,8.4,12K
593. My Spy The Eternal City,https://www.imdb.com/title/tt12930350/?ref_=sr_t_593,2024,1h 52m,PG-13,5.7,10K
594. Spiders on a Plane,https://www.imdb.com/title/tt18076284/?ref_=sr_t_594,2024,1h 18m,TV-MA,6.2,334
595. Spithood,https://www.imdb.com/title/tt18259224/?ref_=sr_t_595,2024,58m,,3.5,139
596. Vettaiyan,https://www.imdb.com/title/tt26936666/?ref_=sr_t_596,2024,2h 43m,,7.1,38K
597. Nr. 24,https://www.imdb.com/title/tt23782584/?ref_=sr_t_597,2024,1h 51m,,7.7,3.4K
598. Parallel,https://www.imdb.com/title/tt14637386/?ref_=sr_t_598,2024,1h 28m,,5.3,1.7K
599. Fight or Flight,https://www.imdb.com/title/tt13652286/?ref_=sr_t_599,2024,2h 46m,,7.0,117
600. A Sacrifice,https://www.imdb.com/title/tt16491560/?ref_=sr_t_600,2024,1h 34m,R,5.1,4.3K
